"AgeCategory","Hands","WorkerID","Age","Gender","IQ_BPVS","IQ_Ravens","MedianMotorErr","MedianMotorRT","AvgPlacements","AccuracyByOnline","Accuracy","AvgPlaceOnSuccess","AvgPlaceOnFailure","AvgFirstPlace","AvgFirstPlaceOnSuccess","AvgLastPlace","AvgLastPlaceOnSuccess","AvgTimeBetweenOnSuccess","AvgAbsYOffset","AvgFirstYOffset","AvgAbsXOffset","AvgFirstXOffset"
"adult","1h","OA12",37,"Male",NA,NA,3.15527999219579,2.334,2.57142857142857,1,1,2.57142857142857,NA,11.1850714285714,11.1850714285714,32.4825714285714,32.4825714285714,14.1311339285714,103.842917913045,100.110897268192,33.7586323263698,30.5949512579487
"adult","1h","OA14",64,"Male",NA,NA,12.5718733776032,1.023,6.07142857142857,0.857142857142857,0.785714285714286,4.25,17,15.3521428571429,15.10825,116.759714285714,83.0578333333333,18.6513240740741,103.120512733933,121.645662249472,14.3167334666285,8.19888720353389
"adult","1h","OA18",57,NA,NA,NA,2.59264030340986,2.1175,5.38461538461539,1,0.846153846153846,5.38461538461539,NA,22.1735384615385,22.1735384615385,122.034076923077,122.034076923077,19.9034722222222,62.2891485217284,74.7078414919165,5.45729845115323,3.84540442612508
"adult","1h","OA19",25,"Male",NA,NA,2.76511319496915,1.389,8.28571428571429,0.714285714285714,0.714285714285714,4,19,13.5975714285714,14.7662,98.2849285714286,53.0181,15.0895462962963,83.9732029265878,90.0452912413948,14.8629606283202,29.6970815221872
"adult","1h","OA22",28,"Female",NA,NA,1.65380134826554,2.2755,7.38461538461539,0.923076923076923,0.923076923076923,4.91666666666667,37,15.752,15.7175,67.4054615384615,45.49225,7.68695342261905,85.0270680170744,79.9242804583234,13.9302163534157,20.2574298788384
"adult","1h","OA23",55,"Female",NA,NA,4.60137013822566,1.572,6.71428571428571,0.428571428571429,0.428571428571429,3.5,9.125,15.1952142857143,12.1611666666667,93.134,45.803,13.2134333333333,59.7405349630101,39.3354804226693,17.137480371748,19.1471576758333
"adult","1h","OA25",60,"Male",NA,NA,1.95393526640256,1.8995,2.5,1,1,2.5,NA,22.0509285714286,22.0509285714286,53.323,53.323,18.9103724489796,98.4934126882812,98.72509577722,26.9157619331995,20.9419435224921
"adult","1h","OA27",68,"Female",NA,NA,2.8382665971317,2.108,4.38461538461539,0.769230769230769,0.615384615384615,3,9,14.2312307692308,14.7868,62.5016153846154,46.5007,15.8545392857143,112.434955774853,118.404158288975,5.4253399961294,6.89404015885161
"adult","1h","OA28",42,NA,NA,NA,3.46930379162508,1.053,5.69230769230769,0.769230769230769,0.769230769230769,3.6,12.6666666666667,14.4546153846154,14.9638,63.6400769230769,39.8394,9.68316666666667,46.0878594691014,34.6749320008882,13.0973582985238,13.6942985075198
"adult","1h","OA31",44,"Female",NA,NA,7.21326420032245,1.314,7.64285714285714,0.428571428571429,0.571428571428571,2.33333333333333,11.625,13.3077142857143,15.0518333333333,78.415,33.1413333333333,14.4315833333333,120.860713371754,156.400292269401,18.6640518038897,14.695139671739
"adult","1h","OA33",19,"Female",NA,NA,4.13043026342963,1.4405,4,0.923076923076923,0.923076923076923,3.75,7,11.2631538461538,11.0478333333333,51.5448461538462,42.31525,12.21340625,70.4853280749169,49.8581051251785,14.5458767913698,22.7507859036732
"adult","1h","OA36",46,"Female",NA,NA,3.198024413029,1.302,7.07142857142857,0.642857142857143,0.5,4.33333333333333,12,10.462,9.98211111111111,72.142,46.0567777777778,11.5710819444444,68.5725432675645,83.6751102767013,14.2216824704589,15.011399361935
"adult","1h","OA37",49,"Female",NA,NA,3.04639336888051,1.6655,4,0.928571428571429,0.928571428571429,3.76923076923077,7,19.9472142857143,19.723,60.8083571428571,53.376,12.7600694444444,52.933713647399,36.3863800102608,11.7602174025799,24.6575052163167
"adult","1h","OA38",28,"Male",NA,NA,1.89576720032835,1.7755,7,0.857142857142857,0.857142857142857,5.16666666666667,18,7.35278571428571,7.43975,54.7855714285714,41.05925,9.13041287878788,98.1350576736028,77.9706704549124,12.9416118501886,16.773879534272
"adult","1h","OA4",59,NA,NA,NA,2.65353366686902,1.614,4.85714285714286,1,1,4.85714285714286,NA,16.1382142857143,16.1382142857143,79.869,79.869,14.252995471961,102.247124865661,107.70853754921,6.26883016112947,7.29618279406016
"adult","1h","OA40",23,"Male",NA,NA,2.27749034046468,1.0635,4.5,1,0.857142857142857,4.5,NA,5.84528571428571,5.84528571428571,28.7769285714286,28.7769285714286,6.0502648622982,84.4629055223227,83.2827744486202,16.33906517857,15.9325099985669
"adult","1h","OA44",34,"Female",NA,NA,3.14996583532392,1.318,6,1,0.928571428571429,6,NA,12.3505714285714,12.3505714285714,53.9296428571429,53.9296428571429,9.188271875,80.5134073378016,73.0716712152502,30.6065255119135,31.7479310865543
"adult","1h","OA45",30,"Female",NA,NA,1.15904273419757,1.8975,8,0.928571428571429,0.928571428571429,4.61538461538461,52,14.0387142857143,13.6028461538462,73.1065714285714,52.1694615384615,13.7366567852437,74.272922111826,67.5084798470232,33.5313486490832,30.9812421800029
"adult","1h","OA48",44,"Female",NA,NA,3.36585340360103,1.55,3.07142857142857,0.857142857142857,0.785714285714286,2.5,6.5,19.4343571428571,17.8001666666667,52.6814285714286,39.5643333333333,13.7762222222222,87.702559234296,98.6662889985051,23.8827043098447,11.1342929807987
"adult","1h","OA5",28,"Female",NA,NA,2.20086118495704,1.61,5.57142857142857,1,0.928571428571429,5.57142857142857,NA,11.1298571428571,11.1298571428571,40.6788571428571,40.6788571428571,7.06797685359231,106.46408134024,83.2039355372318,12.9976867185335,23.7349825334794
"adult","1h","OA50",29,"Female",NA,NA,3.91216152037575,1.3345,9.28571428571429,0.642857142857143,0.571428571428571,5.88888888888889,15.4,7.02564285714286,7.15277777777778,74.5157857142857,48.3006666666667,9.26974351851852,114.929587386432,114.239938709035,23.2388597139975,28.027296960847
"adult","1h","OA53",19,"Female",NA,NA,1.81672446926968,2.174,6.92857142857143,0.785714285714286,0.714285714285714,3.72727272727273,18.6666666666667,8.062,7.30572727272727,42.7949285714286,22.1467272727273,6.60597952380952,38.9701232409148,43.0747234638591,10.4693861285842,15.7574851812972
"adult","1h","OA54",27,"Female",NA,NA,1.88700774763143,2.2195,6.14285714285714,0.857142857142857,0.642857142857143,3.5,22,10.3953571428571,9.47333333333333,53.2080714285714,28.3190833333333,7.63244444444444,47.4483136298419,41.6248934009003,8.38945510716898,9.30146909465276
"adult","1h","OA56",76,"Male",NA,NA,3.35214857561452,1.9065,4.28571428571429,0.571428571428571,0.5,2.875,6.16666666666667,28.1517857142857,28.40675,94.1265714285714,68.624125,22.2635277777778,38.5269279868747,28.7464419038361,16.5740442765688,8.51410517398811
"adult","1h","OA57",28,"Male",NA,NA,5.44483155717641,0.7725,3.07142857142857,1,0.857142857142857,3.07142857142857,NA,5.42442857142857,5.42442857142857,17.2400714285714,17.2400714285714,6.1097746031746,66.2269708352219,39.8996105297304,20.0413923530942,5.45997811116193
"adult","1h","OA58",20,"Female",NA,NA,2.11896078069483,2.3345,3.71428571428571,0.857142857142857,0.785714285714286,2,14,7.39842857142857,7.41966666666667,36.1219285714286,18.7085833333333,10.61935,69.9462669233251,59.7941652184153,11.2502239016062,22.2054922878226
"adult","1h","OA6",54,"Male",NA,NA,3.83080899021331,2.0155,5.61538461538461,0.846153846153846,0.692307692307692,4.27272727272727,13,34.7652307692308,30.6614545454545,134.824,87.6471818181818,18.8267560606061,48.0949373343185,37.5712602205756,16.6692387361324,27.3905357231043
"adult","1h","OA61",30,"Male",NA,NA,3.65884152350585,1.2515,2.35714285714286,1,0.857142857142857,2.35714285714286,NA,16.6179285714286,16.6179285714286,28.6917142857143,28.6917142857143,8.93577272727273,104.62693717849,110.504149987389,7.66488282160512,5.42618395399633
"adult","1h","OA65",31,"Female",NA,NA,2.95679666106567,1.0845,7.35714285714286,0.785714285714286,0.857142857142857,4.90909090909091,16.3333333333333,11.6526428571429,10.9266363636364,55.4814285714286,38.6744545454545,7.12575606060606,78.9366829222047,63.6571881501065,14.463017201898,9.13915919999066
"adult","1h","OA66",48,"Female",NA,NA,3.25689125244309,1.3445,4.14285714285714,0.785714285714286,0.785714285714286,2.63636363636364,9.66666666666667,10.8102142857143,10.5819090909091,50.8032857142857,30.1991818181818,11.3142380952381,61.8802457681814,34.7231631099212,14.7638908007847,13.7296334925664
"adult","1h","OA67",58,"Female",NA,NA,2.68698921327783,1.312,5.28571428571429,0.857142857142857,0.857142857142857,3.75,14.5,21.6655,22.6855,92.4232142857143,66.3948333333333,16.4529613095238,52.8454299588531,61.4904524813999,12.511248585339,11.1967028468807
"adult","1h","OA69",36,"Female",NA,NA,2.69574896917017,1.4915,4.78571428571429,0.714285714285714,0.714285714285714,2.8,9.75,16.2753571428571,14.893,60.1886428571429,34.5563,10.3394722222222,75.9889694909393,61.9874418881075,21.945815677457,33.7239434488724
"adult","1h","OA7",48,"Male",NA,NA,2.45109479218942,1.282,7,0.785714285714286,0.785714285714286,4.36363636363636,16.6666666666667,7.59057142857143,7.75936363636364,50.9091428571429,32.5478181818182,7.4153962962963,123.92815921192,130.015886608964,39.2968781455195,27.7197713668281
"adult","2h","TA10",46,"Female",NA,NA,2.95786177827434,1.4375,10.7857142857143,0.428571428571429,0.5,5,15.125,9.06721428571429,8.71166666666667,80.9127142857143,36.0533333333333,7.66155333333333,131.921818556824,99.8564389042089,36.5713498021652,39.5456659262769
"adult","2h","TA11",56,"Male",NA,NA,1.46399284446708,1.9665,7.14285714285714,0.857142857142857,0.928571428571429,4.75,21.5,11.1437857142857,11.3146666666667,68.2020714285714,50.6565,10.6255428964974,138.262319297082,121.313867401882,28.0328173810462,28.7675097362799
"adult","2h","TA12",46,"Male",NA,NA,1.64861595708979,2.1525,4,1,0.928571428571429,4,NA,16.0837857142857,16.0837857142857,47.0559285714286,47.0559285714286,10.1425524771525,137.599253331766,163.46221025843,27.9772091550442,32.0315351917421
"adult","2h","TA13",43,"Male",NA,NA,7.76909194027798,1.1445,10.2142857142857,0.857142857142857,0.785714285714286,7.16666666666667,28.5,7.05707142857143,7.25983333333333,57.1122857142857,39.5184166666667,5.54289106449106,120.970932709412,96.6793966203371,13.0252844479017,16.7347954009628
"adult","2h","TA14",49,NA,NA,NA,3.04893385422981,1.537,8.92857142857143,0.928571428571429,0.857142857142857,6.07692307692308,46,13.6532857142857,13.5051538461538,110.603785714286,65.1448461538462,10.4882785570639,67.2022414763942,52.0667918149317,13.7409735253612,20.8704235776108
"adult","2h","TA17",49,"Female",NA,NA,2.18298002029642,3.044,7.71428571428571,1,0.857142857142857,7.71428571428571,NA,13.0156428571429,13.0156428571429,80.6608571428571,80.6608571428571,11.1498738181504,133.329354030591,115.468103081881,34.3226644967943,28.0608604606951
"adult","2h","TA20",39,"Male",NA,NA,1.59201778540891,1.986,4.14285714285714,1,1,4.14285714285714,NA,14.3183571428571,14.3183571428571,47.8313571428571,47.8313571428571,11.1652007518797,122.259867037804,115.146798858934,6.20874756018336,6.94788802137189
"adult","2h","TA21",52,"Male",NA,NA,2.60872089365305,1.8245,4.57142857142857,0.928571428571429,0.857142857142857,4.30769230769231,8,18.2269285714286,18.5158461538462,78.7962142857143,75.6337692307692,19.3571597222222,72.3694912673188,56.0008822972277,16.8139301189244,14.650097287075
"adult","2h","TA24",31,"Female",NA,NA,3.56445722447022,2.043,6.85714285714286,0.857142857142857,0.714285714285714,5.58333333333333,14.5,9.72414285714286,10.0929166666667,66.9823571428571,53.7635,9.74445457875458,51.3365509219018,34.9174394312633,7.34361854123549,8.64007391596947
"adult","2h","TA26",39,"Female",NA,NA,1.87633914389941,2.5075,7.57142857142857,0.714285714285714,0.642857142857143,5.1,13.75,9.6985,10.2349,63.913,41.5159,7.55218100649351,109.650428937201,119.997129093472,11.8216225942308,6.92981087485445
"adult","2h","TA27",51,"Female",NA,NA,1.32003462025396,1.68,3.85714285714286,0.571428571428571,0.5,2.5,5.66666666666667,17.4185,12.10875,65.8127857142857,28.668625,11.2938333333333,99.6780127624443,95.1297309892153,21.2654366265207,7.19199997000401
"adult","2h","TA28",65,NA,NA,NA,5.76765773838483,1.6575,7.92307692307692,0.923076923076923,0.846153846153846,7.66666666666667,11,16.4856153846154,16.519,122.509538461538,120.3325,13.6266983077529,72.3165871515561,91.0856802526133,16.1349497107572,19.6063625494547
"adult","2h","TA29",47,"Female",NA,NA,1.56026510759012,2.0305,4.57142857142857,0.714285714285714,0.571428571428571,2.2,10.5,15.682,14.9787,52.7007857142857,24.5242,8.67717333333333,36.2892776142857,40.0806058180794,8.64055990602156,11.742728721234
"adult","2h","TA30",35,"Male",NA,NA,1.14182909733336,3.019,4.42857142857143,0.928571428571429,0.857142857142857,3.69230769230769,14,15.3486428571429,15.5033076923077,54.7013571428571,47.7143076923077,11.7234184027778,74.0438854251747,50.9496636839549,11.1653642708781,11.9987510714898
"adult","2h","TA32",55,"Female",NA,NA,2.12018378676201,1.42,13.7142857142857,0.857142857142857,0.857142857142857,10.3333333333333,34,10.9707142857143,11.358,112.481142857143,88.87125,8.73040894660895,65.4175969228014,66.3347350334287,26.5373701664262,28.7155196892654
"adult","2h","TA33",19,"Male",NA,NA,1.89150582029228,2.2325,5.78571428571429,0.928571428571429,0.857142857142857,4.30769230769231,25,7.74778571428571,7.45669230769231,38.365,29.8777692307692,6.64857738095238,88.7124859624388,63.4617441288915,25.2777411631763,2.84016655000625
"adult","2h","TA34",18,"Female",NA,NA,1.73642565865295,3.552,4.92857142857143,0.928571428571429,0.928571428571429,4.23076923076923,14,10.3395714285714,10.7403076923077,42.2785,36.6537692307692,9.19063043956044,77.3508193342335,76.0279075893258,15.1796719979564,23.560895122807
"adult","2h","TA38",56,"Female",NA,NA,2.09916038706033,2.0185,15.0714285714286,0.785714285714286,0.642857142857143,11.7272727272727,27.3333333333333,9.78742857142857,9.81218181818182,129.282071428571,100.575090909091,9.25645319286448,96.3552274162781,104.689098056,28.2918086132868,37.8193652551255
"adult","2h","TA40",34,"Female",NA,NA,2.79381480437685,1.41,7.92857142857143,0.857142857142857,0.928571428571429,6.08333333333333,19,11.8698571428571,12.3959166666667,65.1260714285714,48.6784166666667,7.13778722943723,139.728432171118,167.244430116761,49.9731642318029,61.4341269504103
"adult","2h","TA41",38,"Male",NA,NA,0.998299234074283,1.993,4.5,1,1,4.5,NA,8.256,8.256,39.0101428571429,39.0101428571429,9.1333542959964,103.475952785298,102.948059982347,9.39602197668306,8.87080549428101
"adult","2h","TA44",27,"Female",NA,NA,2.5501236944658,1.309,5.78571428571429,0.928571428571429,0.928571428571429,4.46153846153846,23,9.8845,9.99946153846154,47.8322857142857,38.4106923076923,8.23516628510379,108.883230309358,119.54470711859,28.1455216659794,51.2783446506771
"adult","2h","TA45",30,NA,NA,NA,1.31671421053319,3.754,8.14285714285714,1,0.928571428571429,8.14285714285714,NA,10.715,10.715,80.1682142857143,80.1682142857143,8.42664615384615,119.146492298913,97.6573302027319,22.8986410385296,24.0642720091019
"adult","2h","TA46",20,"Male",NA,NA,2.98111158475892,1.256,5.85714285714286,1,0.928571428571429,5.85714285714286,NA,9.4135,9.4135,46.6276428571429,46.6276428571429,9.2702351754386,121.035263096838,117.155445447298,29.3294836190639,22.0997647833042
"adult","2h","TA5",29,"Female",NA,NA,3.68318054034455,1.9595,6.85714285714286,0.857142857142857,0.857142857142857,5.25,16.5,6.18728571428571,6.19275,49.243,36.9506666666667,7.58017188983856,81.5584844263231,69.40711883092,19.242182374232,28.2947737636925
"adult","2h","TA51",18,"Male",NA,NA,2.66584082270747,1.155,3.28571428571429,1,1,3.28571428571429,NA,6.36728571428571,6.36728571428571,22.9047857142857,22.9047857142857,7.0352380952381,74.726936301675,59.6891405045233,12.6034557634391,3.17210201846526
"adult","2h","TA52",19,"Male",NA,NA,1.22509341898169,1.999,2.07142857142857,1,0.928571428571429,2.07142857142857,NA,8.26021428571429,8.26021428571429,15.7368571428571,15.7368571428571,6.85196111111111,101.283847138008,91.4617241868124,15.1231490103304,6.73553351928241
"adult","2h","TA53",24,"Male",NA,NA,1.19998596428059,1.3835,7.85714285714286,0.714285714285714,0.642857142857143,4.5,16.25,8.11135714285714,7.9991,52.5593571428571,31.667,6.78166927083333,54.0909215514606,56.05478252715,27.1757836042827,36.6473520450082
"adult","2h","TA54",33,"Female",NA,NA,4.09462143530356,1.3705,5.71428571428571,0.785714285714286,0.642857142857143,4.09090909090909,11.6666666666667,8.58271428571429,8.78781818181818,51.331,35.9359090909091,8.66135,83.0526668868052,65.7951108478119,21.2206702673275,36.9525004247568
"adult","2h","TA57",32,"Male",NA,NA,1.97140212104336,3.568,3.5,1,1,3.5,NA,10.1738571428571,10.1738571428571,29.1824285714286,29.1824285714286,7.72996041666667,86.3186279247323,57.3414586073042,13.1640582833586,5.3602313992894
"adult","2h","TA58",69,NA,NA,NA,1.834683358728,2.883,13.4285714285714,0.714285714285714,0.642857142857143,6.5,30.75,20.7972857142857,18.843,282.358571428571,140.9618,20.2972328042328,27.6494559354597,27.6629048863753,15.0374711737017,8.04682979401047
"adult","2h","TA63",60,"Male",NA,NA,2.25833633620528,3.633,5.64285714285714,1,0.857142857142857,5.64285714285714,NA,17.75,17.75,90.0797142857143,90.0797142857143,17.5047231472332,143.650854905282,154.117353582194,52.942946121943,59.0986677270483
"adult","2h","TA64",36,"Male",NA,NA,3.00242616903345,1.407,3,0.928571428571429,0.714285714285714,2.61538461538462,8,9.08492857142857,7.55,26.9046428571429,19.8643846153846,7.96433333333333,57.1013972686498,53.1843564766749,5.30841198246479,4.45208064492325
"adult","2h","TA66",53,"Female",NA,NA,3.7385470107868,1.4175,6.85714285714286,0.857142857142857,0.857142857142857,4.83333333333333,19,11.43,10.2044166666667,70.0114285714286,46.189,9.36355171568627,68.8516533460819,52.8291963057404,12.4588022830702,21.907064935006
"adult","2h","TA69",57,"Male",NA,NA,4.9371653058579,4.281,20,0.714285714285714,0.857142857142857,11.4,41.5,9.70378571428571,9.8648,193.448357142857,117.9572,10.0167139490139,112.104648525808,85.1339501756534,35.0862188002702,13.4049948322073
"adult","2h","TA7",28,"Male",NA,NA,3.39105235594431,1.454,5.92857142857143,0.857142857142857,0.714285714285714,4.5,14.5,10.6382142857143,10.9318333333333,52.454,41.216,9.10553454212454,100.867079677582,87.5956009739521,23.5927071750268,34.8357413127155
"adult","2h","TA73",61,NA,NA,NA,1.91547926013444,4.7065,9.07142857142857,0.857142857142857,0.928571428571429,7.33333333333333,19.5,20.7177857142857,21.7724166666667,190.734857142857,172.586416666667,22.3039366096866,153.760903679841,168.189515913025,44.4206982118346,70.270329733058
"adult","2h","TA8",69,"Male",NA,NA,2.91712914069438,1.484,6.35714285714286,0.785714285714286,0.785714285714286,4.72727272727273,12.3333333333333,12.0242857142857,11.4587272727273,77.7610714285714,61.0893636363636,13.6268287037037,76.6991471237205,74.9192055297957,9.23174124069191,6.87402598384218
"adult","2h","TA80",55,"Male",NA,NA,1.82379942736393,2.3135,4.64285714285714,0.857142857142857,0.928571428571429,3.5,11.5,10.0315,10.0046666666667,49.398,36.8018333333333,10.4708053571429,137.688846515308,118.21413301102,28.9196948771953,32.3070414174804
"adult","2h","TA83",19,"Female",NA,NA,2.33801458681527,2.883,3.35714285714286,0.785714285714286,0.785714285714286,2.27272727272727,7.33333333333333,18.5780714285714,18.8434545454545,56.7244285714286,38.0917272727273,14.50175,55.404013193845,49.3798920218789,15.4262379509755,10.5344164595368
"kids","1h","OC29",6.16,"Male",96,115,12.0940797111267,4.155,4.5,0.428571428571429,0.357142857142857,2.5,6,18.7419285714286,21.2056666666667,87.0821428571429,53.4131666666667,20.6927333333333,83.7037674795294,73.7285354610869,15.2423813888552,34.0069438794001
"kids","1h","OC1",6.26,"Male",97,125,7.49709086225156,3.0925,5.35714285714286,0.357142857142857,0.357142857142857,3.4,6.44444444444444,18.5316428571429,17.739,107.252357142857,64.3302,18.9525416666667,62.0183488323631,76.4713573906058,24.7839748944802,25.4556299264325
"kids","1h","OC13",9.22,"Male",99,85,7.61689135537688,2.775,4.5,0.785714285714286,0.642857142857143,2.81818181818182,10.6666666666667,10.6996428571429,9.72072727272727,49.0503571428571,28.6592727272727,10.1584675925926,81.444884020735,51.754444456702,6.94835507729107,9.30680394913928
"kids","1h","OC14",7.16,"Female",99,115,3.62781781440139,1.76,4.15384615384615,0.692307692307692,0.692307692307692,3.11111111111111,6.5,40.7256153846154,42.1967777777778,104.437,87.9845555555556,26.9311375661376,69.6739854298766,49.6301459213026,10.8952573806524,9.05240991577702
"kids","1h","OC15",9.98,"Female",113,125,4.9825623189561,1.3595,4.14285714285714,0.857142857142857,0.785714285714286,2.75,12.5,15.754,17.0434166666667,51.5800714285714,37.0499166666667,12.5345416666667,77.6161031956305,64.9246712072397,9.3000460113172,5.16258806974329
"kids","1h","OC16",10.72,"Male",106,95,4.56116802241908,1.7435,5.85714285714286,0.714285714285714,0.642857142857143,3.7,11.25,11.6192142857143,11.7804,74.821,47.9555,13.9611020833333,75.1066213056469,61.8876616609196,13.6942840790826,6.44646865602222
"kids","1h","OC17",5.14,"Female",109,110,16.089132484637,5.8685,3.85714285714286,0.285714285714286,0.285714285714286,2.75,4.3,28.3541428571429,21.392,105.202428571429,60.477,22.4531111111111,47.9254157736009,52.4365167098055,22.5774254778057,36.65638009638
"kids","1h","OC18",9.74,"Female",89,110,5.16999354238809,2.5235,3.42857142857143,0.928571428571429,0.928571428571429,3.07692307692308,8,14.3859285714286,14.7866923076923,45.5651428571429,39.8981538461538,14.4579907407407,82.6979177351489,96.0777660825565,13.2178501624944,14.1846097581253
"kids","1h","OC19",5.69,"Female",106,125,12.6973652515354,3.2845,6.78571428571429,0.857142857142857,0.571428571428571,4,23.5,23.8752857142857,23.85675,118.348571428571,84.8023333333333,22.4129303030303,85.2057666178782,73.7066116988423,14.515762010144,18.2468850802708
"kids","1h","OC20",6.72,"Male",108,100,10.9569062424125,6.5915,3.85714285714286,0.857142857142857,0.785714285714286,3.25,7.5,40.7202857142857,37.533,113.605571428571,98.51675,27.875828042328,70.6184203608007,61.337205280608,19.5160259631993,30.7698829752055
"kids","1h","OC21",9.8,"Male",126,110,14.1855469564231,1.261,6.21428571428571,0.857142857142857,0.857142857142857,4,19.5,7.11535714285714,7.1935,47.8857142857143,30.82375,7.65769444444445,92.8984329134056,75.5510898624461,14.9427867951809,20.3167763892396
"kids","1h","OC22",7.16,"Female",101,105,10.0631163446528,4.111,4.07142857142857,0.714285714285714,0.571428571428571,2.5,8,17.9412142857143,17.3124,107.754428571429,59.5145,29.41275,73.485043517097,68.0726504969593,9.43942040184478,8.45515433950191
"kids","1h","OC26",7.4,"Male",102,115,5.90147597712377,2.3395,5.64285714285714,0.642857142857143,0.642857142857143,3.11111111111111,10.2,11.8203571428571,12.7702222222222,78.8758571428571,51.9675555555556,20.5443229166667,54.8130114256016,50.7238339885313,23.8718729784536,42.3684558139504
"kids","1h","OC27",10.18,"Male",NA,NA,4.98402434239481,1.819,8.14285714285714,0.714285714285714,0.714285714285714,4.2,18,7.33035714285714,7.465,73.3531428571429,36.7442,10.7548279202279,60.4909990445258,59.8170581591816,11.9863856252306,24.409731630277
"kids","1h","OC28",7.33,"Female",100,130,2.80162345717321,3.277,7.28571428571429,1,0.928571428571429,7.28571428571429,NA,18.6636428571429,18.6636428571429,108.2255,108.2255,14.8731261977482,67.9228302761044,67.5629472503516,5.39833475570183,3.97301375200289
"kids","1h","OC3",8.36,"Female",88,115,3.57552799357319,1.8815,4.92857142857143,0.714285714285714,0.642857142857143,4.2,6.75,18.3596428571429,19.4466,85.1529285714286,71.926,17.4183772486772,54.0924417223674,45.5513282520216,20.1370725539839,22.3459523634977
"kids","1h","OC30",7.67,"Male",NA,NA,12.7160035827852,2.339,6.92857142857143,0.928571428571429,0.857142857142857,5.15384615384615,30,14.4984285714286,14.732,136.640714285714,80.9919230769231,17.3873751196172,62.7843333148743,34.6380338214134,20.4225663947957,18.9643764606542
"kids","1h","OC32",5.08,"Male",119,100,8.95567561032209,6.4835,4.85714285714286,0.714285714285714,0.714285714285714,4,7,19.7107857142857,18.7461,125.752857142857,101.652,26.568125,81.4073611932466,79.0186794846739,19.565081000421,14.9474079594735
"kids","1h","OC34",8.48,"Female",NA,NA,10.4528330092479,1.6485,8.07692307692308,0.769230769230769,0.538461538461538,6.8,12.3333333333333,27.2457692307692,17.9814,124.241461538462,95.5629,15.8881901024901,65.595821055151,68.4000815640314,29.2777652371492,41.0813120645911
"kids","1h","OC37",10.64,"Female",NA,NA,4.41235846363479,1.6855,7.42857142857143,0.428571428571429,0.357142857142857,3.16666666666667,10.625,12.7382857142857,11.1521666666667,86.3207857142857,36.0536666666667,12.5552428571429,37.7191381383654,35.4221824715607,14.2686529846675,17.324201138452
"kids","1h","OC38",10.59,"Female",NA,NA,4.98029036940989,1.3885,6.21428571428571,0.857142857142857,0.785714285714286,5.33333333333333,11.5,9.26271428571429,9.19041666666667,60.6944285714286,50.4979166666667,10.5705953571429,65.1873912924501,64.2465999233346,15.9423769837224,11.0646746589627
"kids","1h","OC4",5.94,"Female",100,100,11.557863556578,1.275,4.64285714285714,0.785714285714286,0.714285714285714,3.09090909090909,10.3333333333333,23.1746428571429,24.0045454545455,84.3265714285714,55.1467272727273,15.383578125,56.7998460406754,48.855642734469,13.1879184231137,11.1276652505923
"kids","1h","OC40",8.65,"Male",118,135,8.30384793510963,1.983,5.35714285714286,0.928571428571429,0.928571428571429,5.15384615384615,8,12.1251428571429,11.801,77.278,71.3430769230769,15.1863144923259,85.483255018701,89.2252020608182,11.2319543390538,13.4379682100773
"kids","1h","OC5",5.48,"Female",113,115,8.05485298220819,5.1925,4,0.714285714285714,0.714285714285714,1.9,9.25,59.1703571428571,54.603,173.296571428571,91.9426,42.7575,80.4007191009189,56.5746388812058,10.7604765840398,15.2028352826551
"kids","1h","OC8",8.23,"Male",116,130,7.34170207500481,4.1895,6.21428571428571,1,0.928571428571429,6.21428571428571,NA,10.6615,10.6615,98.1705714285714,98.1705714285714,16.0089803613054,103.815144713162,125.419347357845,14.5864877131213,22.8727044522222
"kids","2h","TC1",10.28,"Female",106,105,1.52902476328535,4.2555,5.35714285714286,0.785714285714286,0.714285714285714,4.09090909090909,10,11.2497142857143,11.5755454545455,59.8394285714286,46.9000909090909,13.5689090909091,49.0579148126564,48.4133963210273,17.1269746068102,15.5018406989469
"kids","2h","TC11",8.52,"Male",91,90,11.4060709796175,2.5895,6.42857142857143,0.857142857142857,0.857142857142857,5.83333333333333,10,22.4912857142857,22.7881666666667,119.351,115.496,19.1800583333333,84.5959188749786,95.7385694484714,24.0761636442027,40.7539408638312
"kids","2h","TC12",5.47,"Male",111,115,10.8525135561414,5.697,8.30769230769231,0.538461538461538,0.538461538461538,9.71428571428571,6.66666666666667,21.7523076923077,21.7587142857143,197.979384615385,194.030285714286,23.6848253968254,58.150234903505,48.8631173672837,20.4470785630095,31.9396958732847
"kids","2h","TC15",10.56,"Female",75,100,2.64913696070095,2.166,5.64285714285714,0.785714285714286,0.642857142857143,4.27272727272727,10.6666666666667,11.9830714285714,12.5573636363636,76.8617857142857,54.4187272727273,13.3266457264957,59.9584446449237,38.9525378998796,6.99943581650197,9.49650743506703
"kids","2h","TC16",6.65,"Male",NA,NA,7.5801532944398,7.999,4.5,0.75,0.75,3.88888888888889,6.33333333333333,33.21175,35.5628888888889,166.955083333333,162.421111111111,39.7977552083333,64.4974330706811,91.5876899275973,21.9954684094458,31.3102450530464
"kids","2h","TC17",9.36,"Male",102,105,7.28697196126593,2.2075,6.07142857142857,0.714285714285714,0.642857142857143,4.3,10.5,6.74692857142857,6.7462,68.1606428571429,46.0553,13.5114212962963,48.3635493708577,66.027978590737,22.1251918534684,27.1933321053163
"kids","2h","TC2",6.98,"Male",100,110,11.6388356797993,2.143,6.64285714285714,0.714285714285714,0.785714285714286,4.9,11,18.1791428571429,19.1171,93.4370714285714,80.6542,18.7430101010101,53.1337963156893,45.8512824991717,15.0523015725101,31.4026278742201
"kids","2h","TC20",10.38,"Female",103,105,7.01553990306486,1.947,5.5,0.928571428571429,0.928571428571429,4.53846153846154,18,13.9622142857143,14.4130769230769,91.9968571428571,73.561,20.902120414673,95.7772910476726,87.2142301064825,12.9038176969808,29.4935026241425
"kids","2h","TC21",6.97,"Male",98,130,6.70228564684491,4.3505,5.92857142857143,0.928571428571429,0.928571428571429,5.07692307692308,17,20.5942857142857,20.2446923076923,79.2033571428571,69.9520769230769,13.8455307692308,109.100408943713,104.925726726511,12.327651250956,21.0335796433708
"kids","2h","TC22",5.32,"Female",100,120,5.30079110787484,4.524,3.78571428571429,0.5,0.428571428571429,3,4.57142857142857,23.7229285714286,22.1212857142857,83.4432857142857,57.5392857142857,18.4159,54.1345157274315,41.2134856622601,12.5217998548314,13.4449769359181
"kids","2h","TC23",8.9,"Male",96,120,5.22670790709145,1.676,3.42857142857143,1,0.928571428571429,3.42857142857143,NA,8.64142857142857,8.64142857142857,31.4661428571429,31.4661428571429,9.04827398989899,75.8109804933081,50.0097178709046,13.505592888286,6.88728772142497
"kids","2h","TC24",5.61,"Female",111,130,12.6503951600799,6.28,4.5,0.785714285714286,0.785714285714286,3.54545454545455,8,25.1457857142857,27.1507272727273,78.9080714285714,60.0198181818182,18.3788972027972,71.2752454292535,77.5303520549843,12.8039352858766,8.86645952922568
"kids","2h","TC26",9.66,"Female",106,100,7.05680533457637,1.6285,5.14285714285714,0.785714285714286,0.714285714285714,3.63636363636364,10.6666666666667,9.14364285714286,9.12736363636364,60.0304285714286,42.8681818181818,12.9312342857143,68.0955586353717,74.0843200425776,21.5223382316633,53.0117893660474
"kids","2h","TC29",9.71,"Female",107,120,22.6375459278021,1.5455,6.71428571428571,0.785714285714286,0.714285714285714,4,16.6666666666667,8.04507142857143,7.651,75.7351428571429,39.0485454545455,9.86961974358974,55.1065531113902,52.7004290127616,11.8619842953148,24.5167461892444
"kids","2h","TC3",9.13,"Male",104,125,8.95897057673713,2.2475,5.42857142857143,0.928571428571429,0.928571428571429,5,11,12.1388571428571,11.8050769230769,62.4785,57.1530769230769,11.1832168803419,65.9843912626021,59.4271597564755,13.3725076631538,17.3046135511184
"kids","2h","TC30",6.31,"Male",115,115,10.569321770096,5.164,7.78571428571429,0.857142857142857,0.785714285714286,6.91666666666667,13,22.8562857142857,23.7585,116.496214285714,106.917,21.5120424242424,93.4911768389751,68.3574760924251,17.3859320208586,23.1347207514638
"kids","2h","TC31",8.18,"Male",112,105,1.89194600002526,2.3005,5.64285714285714,0.928571428571429,0.928571428571429,4.69230769230769,18,8.88357142857143,9.24153846153846,81.9794285714286,68.965,16.5709613636364,73.4922022398303,51.7176018864569,40.5783260561601,30.3812132063052
"kids","2h","TC32",10.22,"Female",101,95,4.96308832152004,1.551,5.71428571428571,0.857142857142857,0.857142857142857,4.58333333333333,12.5,10.2641428571429,10.3115,62.6109285714286,48.1939166666667,11.4743771825397,72.0025510019475,69.5500322784678,18.2392950370705,11.445232011377
"kids","2h","TC35",7.54,"Male",120,125,2.73491084872298,3.372,6.35714285714286,0.857142857142857,0.714285714285714,4.41666666666667,18,10.1992857142857,10.6019166666667,89.3705,56.408,12.5636055555556,68.2778713106393,78.4987651055121,22.9274775882609,44.6331420489769
"kids","2h","TC4",7.82,"Male",127,125,10.7644814713825,1.9635,3.71428571428571,0.857142857142857,0.785714285714286,2.58333333333333,10.5,9.74978571428571,9.98525,46.1345714285714,30.6435,12.0584,104.781399557386,97.2151639443973,29.2654778618291,22.9329147921321
"kids","2h","TC43",8.92,"Male",NA,NA,9.41766073049406,2.347,5.84615384615385,0.692307692307692,0.538461538461538,4.22222222222222,9.5,10.9523846153846,11.5253333333333,90.8796153846154,58.2284444444444,13.2189353741497,69.6827867239458,84.8179456813826,38.6372523582984,35.2310815482175
"kids","2h","TC44",6.12,"Male",NA,NA,10.6762820692675,5.3665,5.30769230769231,0.923076923076923,0.692307692307692,4.83333333333333,11,24.2643846153846,24.5435833333333,154.705,146.205083333333,27.991452020202,98.5457218193025,71.0545778109043,25.7993854092566,25.9234948802211
"kids","2h","TC46",6.97,"Female",100,115,6.42995715306954,4.6155,4.5,0.714285714285714,0.642857142857143,3.7,6.5,16.3258571428571,15.5375,88.1603571428572,72.2055,22.4248485714286,93.0015860908879,75.5091047426167,18.4565579249807,13.2599181985054
"kids","2h","TC49",7.19,"Male",122,130,4.56935720061404,2.465,6.28571428571429,0.714285714285714,0.857142857142857,3.3,13.75,13.1971428571429,13.0886,79.4155714285714,37.3356,12.1183928571429,53.2793749642669,39.0669913143705,11.0965632893497,14.5500708859705
"kids","2h","TC52",8.16,"Male",128,105,10.241078713794,2.46,5.5,0.857142857142857,0.785714285714286,4.5,11.5,13.9011428571429,13.89775,75.4418571428571,62.0715833333333,13.6541088888889,100.095576342375,105.203062261537,28.8666998331265,51.1488668893435
"kids","2h","TC53",9.26,"Male",NA,NA,2.03316387518409,2.194,4.14285714285714,0.714285714285714,0.714285714285714,2.6,8,17.4415,11.5025,67.4518571428571,36.8331,14.558125,72.387378033087,69.0647038594532,19.8679678577247,26.4707594272067
"kids","2h","TC54",8.41,"Female",85,105,11.0738541810089,2.015,5.92857142857143,0.571428571428571,0.5,2.5,10.5,17.5254285714286,15.787,103.003785714286,46.576375,18.3360666666667,48.9908687642953,59.5775598997634,16.973995365597,34.4322152621001
"kids","2h","TC55",7.81,"Female",80,95,6.79083847647492,3.312,5.07142857142857,0.714285714285714,0.714285714285714,3.9,8,21.4167857142857,21.0913,89.7216428571429,74.6533,18.8421041666667,79.0306473644216,76.3496532161432,24.8010924351495,28.2119481553704
"kids","2h","TC56",5.03,"Female",104,110,8.24756221314637,2.4675,2.42857142857143,0.928571428571429,0.785714285714286,2.30769230769231,4,14.5822142857143,14.4516153846154,42.3711428571429,39.1183076923077,16.7264479166667,93.916760884128,87.4841274238971,20.6990803506102,33.567677054956
"kids","2h","TC59",8.98,"Male",NA,NA,3.80853557235796,3.3315,3.71428571428571,1,1,3.71428571428571,NA,13.2083571428571,13.2083571428571,41.6745714285714,41.6745714285714,10.4511816666667,70.2797139949345,57.6468320309628,20.1663824854441,7.40779469845051
"kids","2h","TC6",10.19,"Female",125,100,4.97383170515152,2.4725,8.5,1,1,8.5,NA,10.4876666666667,10.4876666666667,106.077166666667,106.077166666667,12.1399432973459,102.590443082109,117.243506517702,53.6635057080408,72.6565172496008
"kids","2h","TC61",10.1,"Female",115,120,3.34376158705207,1.684,7.85714285714286,0.857142857142857,0.857142857142857,3.41666666666667,34.5,11.1287857142857,11.6476666666667,90.9992142857143,41.54975,12.5051137566138,67.9790591295817,50.950638198283,28.8405591968,27.1305050098267
"kids","2h","TC62",7.3,"Male",NA,NA,9.38908368263646,3.804,6.28571428571429,0.714285714285714,0.785714285714286,3.6,13,14.4569285714286,17.0535,116.142357142857,78.5202,23.1838375,56.7924884850326,50.743125772948,21.7577396191257,21.0682423654661
"kids","2h","TC64",9.67,"Female",NA,NA,7.48919182721678,1.178,7.35714285714286,0.642857142857143,0.642857142857143,4.22222222222222,13,12.5300714285714,12.5287777777778,95.624,53.1721111111111,13.3720051282051,59.8907222235432,44.9055880037782,9.53027746031928,4.94312949558047
"kids","2h","TC65",7.18,"Male",101,80,6.70847402228504,3.656,7.85714285714286,0.642857142857143,0.5,3.77777777777778,15.2,11.8155714285714,10.673,124.244642857143,50.1894444444444,13.7914791666667,45.7736454121036,32.5456016610312,17.0542099151307,25.9414911910288
"kids","2h","TC66",5.13,"Female",NA,NA,10.9851704818488,5.09,5,0.714285714285714,0.642857142857143,4.1,7.25,32.3222857142857,29.0382,105.769214285714,84.7177,21.1797582010582,83.9705726608235,60.5610121457928,16.4024911261768,38.3350530009349
"kids","2h","TC68",7.4,"Male",113,100,7.93864241502442,3.18,4.35714285714286,0.785714285714286,0.714285714285714,3,9.33333333333333,9.67978571428571,9.74545454545455,58.5814285714286,43.6176363636364,15.8409102040816,50.6880096872563,43.518586888199,15.1008984582445,26.5068411149603
"kids","2h","TC7",8.1,"Male",126,100,2.91853565285789,1.7805,6.21428571428571,1,0.928571428571429,6.21428571428571,NA,8.54707142857143,8.54707142857143,78.8289285714286,78.8289285714286,11.2642638888889,85.6236980477994,71.8475562922021,18.992837063489,10.1805398811484
"kids","2h","TC70",5.13,"Male",118,100,7.55066801361716,2.263,6.57142857142857,0.571428571428571,0.571428571428571,4.625,9.16666666666667,13.3095714285714,13.066875,75.5302857142857,42.75925,8.30560416666667,42.6746145103398,36.8197615549942,8.93826372904311,6.68059709391388
"kids","2h","TC71",5.79,"Female",109,125,7.06692984325484,2.6645,3.5,1,0.928571428571429,3.5,NA,20.6898571428571,20.6898571428571,73.9300714285714,73.9300714285714,21.3371859504132,64.6846863878783,54.4488189230515,16.6169013517585,30.5552080578254
"kids","2h","TC72",5.02,"Female",NA,NA,7.01882110305922,3.9375,3.92307692307692,0.0769230769230769,0.0769230769230769,3,4,21.1705384615385,20.473,111.630923076923,107.707,43.617,36.9630553387615,35.8342037058248,14.7854519496228,16.3223406719709
"kids","2h","TC8",10.3,"Female",128,120,2.31210594492701,3.255,4.28571428571429,0.857142857142857,0.928571428571429,3.41666666666667,9.5,10.6463571428571,10.8796666666667,45.5946428571429,33.7751666666667,11.3915389957265,91.1360330700301,83.9716973741049,3.98551880731536,3.79374492227263
"kids","2h","TC9",7.43,"Male",134,130,5.8963083238423,1.477,7.42857142857143,0.571428571428571,0.5,4,12,10.1212857142857,10.659875,69.1585714285714,36.015875,9.53975446428571,52.8026484484459,28.5853838073745,12.3441770159557,12.789259376711
